<?xml version="1.0" encoding="UTF-8"?>
<!DOCTYPE DOC PUBLIC '-//KDE//DTD krita 2.0//EN' 'http://www.calligra.org/DTD/krita-2.0.dtd'>
<DOC xmlns="http://www.calligra.org/DTD/krita" editor="Krita" syntaxVersion="2" kritaVersion="4.4.8">
 <IMAGE y-res="300" name="run" colorspacename="RGBA" description="" profile="sRGB-elle-V2-srgbtrc.icc" x-res="300" height="135" mime="application/x-kra" width="240">
  <layers>
   <layer x="19" intimeline="1" y="11" collapsed="0" passthrough="0" channelflags="" uuid="{37d03519-2a1d-464b-b8bd-1f23ceb38f9b}" name="cabeza" opacity="255" compositeop="normal" nodetype="grouplayer" locked="0" filename="layer2" visible="1" colorlabel="0">
    <layers>
     <layer x="20" intimeline="1" y="19" collapsed="0" channelflags="" uuid="{1ed57731-054b-45fb-acdb-389e87da2cb3}" channellockflags="1111" name="Cabezita" opacity="255" colorspacename="RGBA" onionskin="0" compositeop="normal" nodetype="paintlayer" locked="0" filename="layer3" visible="1" colorlabel="0"/>
     <layer x="19" intimeline="1" y="11" collapsed="0" channelflags="" uuid="{8d6ae5a3-ed87-4035-9cc8-b8ecb4568a28}" channellockflags="1111" name="Capa de pintura 10" opacity="255" colorspacename="RGBA" onionskin="0" compositeop="normal" nodetype="paintlayer" locked="0" filename="layer4" visible="1" colorlabel="0"/>
    </layers>
   </layer>
   <layer x="6" intimeline="1" y="6" collapsed="0" channelflags="" uuid="{287ea930-cd99-47a0-bb47-d9649e875459}" channellockflags="1111" name="Capa de pintura 13" opacity="255" colorspacename="RGBA" onionskin="0" compositeop="normal" nodetype="paintlayer" locked="0" filename="layer5" visible="1" colorlabel="0"/>
   <layer x="6" intimeline="1" y="6" collapsed="0" channelflags="" uuid="{37cee172-c545-46d7-8e0e-5ef98926ed66}" channellockflags="1111" name="Capa de pintura 1" opacity="255" colorspacename="RGBA" onionskin="0" compositeop="normal" nodetype="paintlayer" locked="0" filename="layer6" visible="1" colorlabel="0"/>
   <layer x="6" intimeline="1" y="6" collapsed="0" passthrough="1" channelflags="" uuid="{8987a5be-faec-4a3e-a4d1-2bbdee681747}" name="brazos y piernas" opacity="255" compositeop="normal" nodetype="grouplayer" locked="0" filename="layer7" visible="1" colorlabel="0">
    <layers>
     <layer keyframes="layer8.keyframes.xml" visible="1" intimeline="1" opacity="255" name="Falda" uuid="{6ad508ff-c91b-44e8-8317-f3053bba9138}" filename="layer8" compositeop="normal" onionskin="1" y="0" locked="0" x="0" selected="true" nodetype="paintlayer" collapsed="0" colorspacename="RGBA" channelflags="" channellockflags="1111" colorlabel="0"/>
     <layer keyframes="layer9.keyframes.xml" visible="1" intimeline="1" opacity="255" name="Piernas" uuid="{883aa8c7-39da-44e5-a4e4-d85b3f31d7f9}" filename="layer9" compositeop="normal" onionskin="0" y="0" locked="0" x="0" nodetype="paintlayer" collapsed="0" colorspacename="RGBA" channelflags="" channellockflags="1111" colorlabel="0"/>
     <layer keyframes="layer10.keyframes.xml" visible="1" intimeline="1" opacity="255" name="Brazos" uuid="{4575cb74-4caf-4fde-af7e-bcaf5f7c9d02}" filename="layer10" compositeop="normal" onionskin="0" y="0" locked="0" x="0" nodetype="paintlayer" collapsed="0" colorspacename="RGBA" channelflags="" channellockflags="1111" colorlabel="0"/>
    </layers>
   </layer>
   <layer x="0" intimeline="1" y="0" collapsed="0" passthrough="0" channelflags="" uuid="{927378f0-f969-4346-9f56-eab76b44b4ac}" name="Torso" opacity="255" compositeop="normal" nodetype="grouplayer" locked="0" filename="layer11" visible="1" colorlabel="0">
    <layers>
     <layer keyframes="layer12.keyframes.xml" visible="1" intimeline="1" opacity="255" name="Torso" uuid="{aa30430d-181e-4364-a95b-0339ac585dcd}" filename="layer12" compositeop="normal" onionskin="0" y="0" locked="0" x="0" nodetype="paintlayer" collapsed="0" colorspacename="RGBA" channelflags="" channellockflags="1111" colorlabel="0"/>
    </layers>
   </layer>
   <layer x="13" intimeline="1" y="8" collapsed="0" passthrough="0" channelflags="" uuid="{30fa2813-3921-43db-a11c-325c0867d3ce}" name="Newtorso" opacity="87" compositeop="normal" nodetype="grouplayer" locked="0" filename="layer13" visible="0" colorlabel="0">
    <layers>
     <layer keyframes="layer14.keyframes.xml" visible="1" intimeline="1" opacity="255" name="Capa de pintura 14" uuid="{8ba1a67b-73ac-4687-bd5c-539fabdc8029}" filename="layer14" compositeop="normal" onionskin="0" y="0" locked="0" x="0" nodetype="paintlayer" collapsed="0" colorspacename="RGBA" channelflags="" channellockflags="1111" colorlabel="0"/>
     <layer keyframes="layer15.keyframes.xml" visible="1" intimeline="1" opacity="255" name="Capa de pintura 15" uuid="{b5446ba5-009a-4d84-83e9-25354b195e18}" filename="layer15" compositeop="normal" onionskin="0" y="0" locked="0" x="0" nodetype="paintlayer" collapsed="0" colorspacename="RGBA" channelflags="" channellockflags="1111" colorlabel="0"/>
    </layers>
   </layer>
   <layer keyframes="layer16.keyframes.xml" visible="1" intimeline="1" opacity="255" name="Mano con varita" uuid="{5fdc960e-d0a8-460c-9383-3057e0009321}" filename="layer16" compositeop="normal" onionskin="0" y="9" locked="0" x="10" nodetype="paintlayer" collapsed="0" colorspacename="RGBA" channelflags="" channellockflags="1111" colorlabel="0"/>
   <layer keyframes="layer17.keyframes.xml" visible="1" intimeline="1" opacity="255" name="Mano con varita" uuid="{e338f835-e8ec-46b5-8eb9-1d8da497fa5f}" filename="layer17" compositeop="normal" onionskin="0" y="0" locked="0" x="0" nodetype="paintlayer" collapsed="0" colorspacename="RGBA" channelflags="" channellockflags="1111" colorlabel="0"/>
   <layer keyframes="layer18.keyframes.xml" visible="1" intimeline="1" opacity="255" name="Colorcitos" uuid="{bd6c486e-9bfe-4bc5-80c8-315fd5c549a2}" filename="layer18" compositeop="normal" onionskin="0" y="0" locked="0" x="0" nodetype="paintlayer" collapsed="0" colorspacename="RGBA" channelflags="" channellockflags="1111" colorlabel="0"/>
   <layer x="0" intimeline="1" y="0" collapsed="0" channelflags="" uuid="{94dd5507-8b98-4562-a56d-2e66a2a3619d}" channellockflags="1111" name="Capa de pintura 12" opacity="255" colorspacename="RGBA" onionskin="0" compositeop="normal" nodetype="paintlayer" locked="0" filename="layer19" visible="0" colorlabel="0"/>
   <layer x="0" intimeline="1" y="0" collapsed="0" channelflags="" uuid="{d501e9b0-002b-4a3a-a4c0-fbdea0a09eef}" channellockflags="1111" name="Background" opacity="255" colorspacename="RGBA" onionskin="0" compositeop="normal" nodetype="paintlayer" locked="1" filename="layer20" visible="0" colorlabel="0"/>
  </layers>
  <ProjectionBackgroundColor ColorData="AAAAAA=="/>
  <GlobalAssistantsColor SimpleColorData="176,176,176,255"/>
  <Palettes/>
  <animation>
   <framerate value="8" type="value"/>
   <range to="100" type="timerange" from="0"/>
   <currentTime value="3" type="value"/>
  </animation>
 </IMAGE>
</DOC>
