<?xml version="1.0" encoding="UTF-8"?>
<!DOCTYPE keyframes PUBLIC '-//KDE//DTD krita-keyframes 1.0//EN' 'http://www.calligra.org/DTD/krita-keyframes-1.0.dtd'>
<keyframes xmlns="http://www.calligra.org/DTD/krita-keyframes">
 <channel name="content">
  <keyframe color-label="0" time="0" frame="layer12">
   <offset x="6" y="6" type="point"/>
  </keyframe>
  <keyframe color-label="0" time="1" frame="layer12.f1">
   <offset x="0" y="0" type="point"/>
  </keyframe>
  <keyframe color-label="0" time="2" frame="layer12.f2">
   <offset x="0" y="0" type="point"/>
  </keyframe>
  <keyframe color-label="0" time="3" frame="layer12.f3">
   <offset x="0" y="0" type="point"/>
  </keyframe>
 </channel>
</keyframes>
