<?xml version="1.0" encoding="UTF-8"?>
<!DOCTYPE keyframes PUBLIC '-//KDE//DTD krita-keyframes 1.0//EN' 'http://www.calligra.org/DTD/krita-keyframes-1.0.dtd'>
<keyframes xmlns="http://www.calligra.org/DTD/krita-keyframes">
 <channel name="content">
  <keyframe color-label="0" time="0" frame="layer16">
   <offset x="13" y="9" type="point"/>
  </keyframe>
  <keyframe color-label="0" time="1" frame="layer16.f5">
   <offset x="10" y="9" type="point"/>
  </keyframe>
  <keyframe color-label="0" time="2" frame="layer16.f7">
   <offset x="9" y="9" type="point"/>
  </keyframe>
  <keyframe color-label="0" time="3" frame="layer16.f8">
   <offset x="10" y="9" type="point"/>
  </keyframe>
 </channel>
</keyframes>
